{"epoch": 4, "train_loss": 0.1437898436938294, "val_loss": 0.14701614834176094, "_timestamp": 1714475244.0955262, "_runtime": 874.8673841953278, "_step": 4, "_wandb": {"runtime": 874}}