{"epoch": 4, "train_loss": 0.2852708726159988, "val_loss": 0.3253012878554208, "_timestamp": 1714471703.3216412, "_runtime": 89.87021732330322, "_step": 4, "_wandb": {"runtime": 88}}