{"epoch": 9, "train_loss": 0.11134015469915634, "val_loss": 0.12104298763596226, "_timestamp": 1714479453.8152347, "_runtime": 3476.015562772751, "_step": 9, "_wandb": {"runtime": 3475}}