{"epoch": 4, "train_loss": 0.2714761662226851, "val_loss": 0.42196350778852193, "_timestamp": 1714472598.3083496, "_runtime": 88.93670558929443, "_step": 4, "_wandb": {"runtime": 87}}