{"epoch": 4, "train_loss": 0.2376208141926796, "val_loss": 0.28626148785863603, "_timestamp": 1714474099.9248338, "_runtime": 175.9104287624359, "_step": 4, "_wandb": {"runtime": 175}}